Usia Kepala Rumah Tangga,Pendidikan Terakhir,Status Petani,Jumlah Tanggungan Keluarga (termasuk Kepala Keluarga),Luas lahan yang dikelola,Status Kepemilikan Lahan,Komoditas Utama yang ditanam,Pola Tanam,Sistem Irigasi,Frekuensi Panen per Tahun,Produksi Rata - Rata per Panen (Kwintal/Ha),Harga Jual Rata-Rata Hasil Panen Utama (Rp/kg),Pernah Gagal Panen dalam 5 Tahun Terakhir?,Pengeluaran Rata-Rata Benih per Tahun (Rp),Pengeluaran Rata-Rata Pupuk per Tahun (Rp),Pengeluaran Rata-Rata Biaya Perawatan per Tahun (Rp),Stok Pupuk Saat Ini,Menerima Subsidi Benih/Pupuk Pemerintah?,Pernah Mengikuti Pelatihan dari Dinas/Kementerian?,Sumber Utama Pangan Pokok,Pernah Kehabisan Pangan Pokok dalam 3 Bulan Terakhir?,Status Kemandirian Pangan Rumah Tangga,Cadangan Pangan Keluarga dari Hasil Panen?,Strategi Saat Kekurangan Pangan atau Gagal Panen,Keikutsertaan dalam Koperasi atau Organisasi Tani,Pernah Menerima Bantuan Pangan Pemerintah?,Sumber Pinjaman Utama Saat Darurat,"Akses ke Informasi Pertanian (cuaca, harga, dll)",Sumber Informasi Pertanian Utama,Apakah mempunyai pekerjaan sampingan?,Pernah Terdampak Kekeringan Ekstrem dalam 5 Tahun Terakhir?,Kondisi Tanah Dominan (berdasarkan persepsi petani),Apakah pola tanam berubah akibat iklim?
65,SD,Petani Pemilik,7,1.45,Milik Sendiri,Jagung,Rotasi,Irigasi Teknis,1,5.54,3260,Ya,696493,1417034,1975850,Ada,Ya,Tidak,Panen Sendiri,Tidak,Tidak Mandiri,Tidak,Pinjam Uang,Ya,Tidak,Bank,Sedang,Penyuluh,Ya,Tidak,Subur,Ya
49,SD,Petani Penggarap,4,3.06,Milik Sendiri,Cabai,Rotasi,Irigasi Teknis,4,2.47,5401,Tidak,1710795,1306516,3955188,Ada,Ya,Ya,Beli Pasar,Ya,Mandiri,Ya,Kurangi Konsumsi,Tidak,Tidak,Tetangga,Sedang,Penyuluh,Tidak,Tidak,Subur,Tidak
29,Sarjana,Buruh Tani,3,2.72,Milik Sendiri,Jagung,Tumpangsari,Sumur,3,7.94,7562,Ya,1935740,1860140,4535177,Ada,Ya,Ya,Beli Pasar,Tidak,Rentan,Ya,Pinjam Uang,Tidak,Ya,Tetangga,Sedang,Internet,Tidak,Ya,Sedang,Ya
40,Sarjana,Buruh Tani,4,3.76,Sewa,Bawang,Tumpangsari,Sumur,2,7.98,4133,Tidak,690650,697620,4611727,Ada,Ya,Ya,Bantuan,Tidak,Tidak Mandiri,Ya,Kurangi Konsumsi,Tidak,Tidak,Tetangga,Sedang,Tetangga,Ya,Ya,Kurang Subur,Tidak
46,SD,Petani Penggarap,5,0.87,Milik Sendiri,Kedelai,Rotasi,Irigasi Teknis,1,7.22,5444,Ya,820527,2068308,4198202,Ada,Ya,Tidak,Beli Pasar,Ya,Mandiri,Tidak,Kurangi Konsumsi,Ya,Ya,Koperasi,Sulit,Penyuluh,Ya,Tidak,Subur,Ya
33,Diploma,Buruh Tani,3,1.4,Bagi Hasil,Cabai,Monokultur,Tadah Hujan,2,6.28,6268,Tidak,1418762,2670870,2893670,Ada,Ya,Ya,Panen Sendiri,Tidak,Mandiri,Ya,Jual Aset,Ya,Ya,Koperasi,Sulit,Tetangga,Ya,Ya,Subur,Ya
46,SD,Buruh Tani,3,1.46,Sewa,Jagung,Rotasi,Irigasi Teknis,4,3.46,6874,Tidak,899318,895631,1406557,Habis,Tidak,Tidak,Beli Pasar,Tidak,Tidak Mandiri,Ya,Jual Aset,Ya,Ya,Bank,Sulit,Internet,Ya,Ya,Subur,Ya
59,Diploma,Petani Pemilik,5,1.0,Sewa,Jagung,Monokultur,Sumur,1,2.3,7428,Ya,695586,1491447,1697559,Habis,Tidak,Tidak,Panen Sendiri,Tidak,Mandiri,Ya,Kurangi Konsumsi,Ya,Tidak,Bank,Sedang,Internet,Tidak,Tidak,Subur,Ya
43,SMP,Petani Pemilik,6,3.71,Milik Sendiri,Kedelai,Monokultur,Irigasi Teknis,4,5.02,7350,Ya,619285,2629987,1336011,Ada,Ya,Ya,Bantuan,Ya,Rentan,Ya,Jual Aset,Ya,Ya,Tetangga,Mudah,Internet,Tidak,Tidak,Subur,Tidak
40,SMA,Petani Penggarap,3,3.39,Sewa,Cabai,Tumpangsari,Irigasi Teknis,1,4.75,7612,Ya,653638,2755002,1894033,Habis,Ya,Tidak,Panen Sendiri,Ya,Rentan,Tidak,Pinjam Uang,Tidak,Tidak,Tetangga,Sulit,Tetangga,Ya,Tidak,Kurang Subur,Ya
33,SMA,Petani Pemilik,2,3.74,Milik Sendiri,Kedelai,Tumpangsari,Tadah Hujan,2,6.31,4667,Tidak,1559919,2549051,2053278,Ada,Ya,Tidak,Beli Pasar,Ya,Mandiri,Tidak,Pinjam Uang,Tidak,Ya,Tetangga,Sedang,Tetangga,Tidak,Ya,Subur,Ya
34,Sarjana,Petani Pemilik,4,2.95,Milik Sendiri,Cabai,Monokultur,Irigasi Teknis,3,4.19,3326,Tidak,940562,1546603,3797321,Ada,Tidak,Tidak,Bantuan,Ya,Mandiri,Ya,Pinjam Uang,Tidak,Ya,Koperasi,Sulit,Internet,Tidak,Ya,Sedang,Ya
31,Diploma,Petani Pemilik,5,1.19,Sewa,Kedelai,Tumpangsari,Irigasi Teknis,2,2.14,4582,Tidak,1188415,1668545,4625359,Ada,Tidak,Tidak,Bantuan,Tidak,Tidak Mandiri,Tidak,Pinjam Uang,Ya,Tidak,Koperasi,Sulit,Internet,Ya,Ya,Kurang Subur,Tidak
47,SMA,Petani Penggarap,6,4.92,Milik Sendiri,Cabai,Rotasi,Irigasi Teknis,3,2.27,6572,Ya,1590351,2758431,3880887,Ada,Tidak,Tidak,Panen Sendiri,Tidak,Tidak Mandiri,Tidak,Jual Aset,Ya,Tidak,Tetangga,Sedang,Tetangga,Tidak,Tidak,Sedang,Tidak
60,SMP,Petani Pemilik,5,3.36,Sewa,Jagung,Rotasi,Tadah Hujan,3,4.44,3003,Tidak,1101701,1381570,2803081,Habis,Tidak,Tidak,Beli Pasar,Ya,Tidak Mandiri,Tidak,Jual Aset,Ya,Ya,Bank,Sulit,Tetangga,Tidak,Ya,Subur,Tidak
39,SMP,Petani Pemilik,2,0.33,Sewa,Bawang,Monokultur,Sumur,4,7.32,7715,Ya,1960360,2110522,3073568,Habis,Ya,Ya,Bantuan,Ya,Mandiri,Tidak,Pinjam Uang,Ya,Tidak,Koperasi,Sulit,Penyuluh,Ya,Tidak,Subur,Tidak
58,Sarjana,Buruh Tani,4,4.76,Sewa,Bawang,Rotasi,Tadah Hujan,4,6.98,7488,Tidak,833778,2490928,2887729,Habis,Ya,Tidak,Bantuan,Tidak,Tidak Mandiri,Ya,Kurangi Konsumsi,Tidak,Ya,Tetangga,Sedang,Penyuluh,Tidak,Tidak,Sedang,Ya
33,SMP,Petani Pemilik,5,3.5,Bagi Hasil,Jagung,Monokultur,Sumur,4,3.99,6816,Tidak,630580,1367526,4493398,Habis,Tidak,Ya,Bantuan,Tidak,Rentan,Ya,Kurangi Konsumsi,Tidak,Tidak,Bank,Sulit,Tetangga,Ya,Tidak,Subur,Tidak
52,Diploma,Petani Pemilik,5,1.75,Bagi Hasil,Cabai,Rotasi,Irigasi Teknis,4,7.52,7375,Ya,1326320,2982578,3367231,Ada,Ya,Tidak,Panen Sendiri,Tidak,Mandiri,Ya,Kurangi Konsumsi,Tidak,Tidak,Koperasi,Sedang,Internet,Tidak,Tidak,Sedang,Tidak
41,SD,Petani Penggarap,2,3.77,Milik Sendiri,Kedelai,Monokultur,Tadah Hujan,1,6.69,3329,Ya,1018590,1336179,4519980,Ada,Ya,Ya,Panen Sendiri,Tidak,Tidak Mandiri,Ya,Jual Aset,Ya,Tidak,Tetangga,Sedang,Internet,Ya,Ya,Subur,Tidak
31,Sarjana,Petani Pemilik,4,2.92,Sewa,Cabai,Rotasi,Irigasi Teknis,1,5.55,4989,Ya,1962119,1764929,4566388,Ada,Ya,Tidak,Bantuan,Tidak,Tidak Mandiri,Tidak,Pinjam Uang,Tidak,Ya,Bank,Sedang,Penyuluh,Tidak,Tidak,Kurang Subur,Tidak
34,Diploma,Petani Pemilik,7,2.66,Bagi Hasil,Kedelai,Rotasi,Tadah Hujan,4,4.79,7853,Tidak,1175921,1529681,4484338,Ada,Tidak,Tidak,Panen Sendiri,Tidak,Tidak Mandiri,Tidak,Kurangi Konsumsi,Ya,Tidak,Bank,Mudah,Internet,Ya,Tidak,Sedang,Tidak
42,Sarjana,Buruh Tani,4,2.82,Bagi Hasil,Jagung,Monokultur,Irigasi Teknis,4,4.93,4968,Tidak,1854556,2558653,2879780,Ada,Ya,Tidak,Panen Sendiri,Tidak,Tidak Mandiri,Ya,Kurangi Konsumsi,Tidak,Tidak,Tetangga,Sulit,Internet,Tidak,Tidak,Sedang,Tidak
42,SMA,Petani Penggarap,3,0.69,Milik Sendiri,Kedelai,Monokultur,Tadah Hujan,2,3.15,6966,Tidak,1736453,2700486,3503121,Habis,Ya,Ya,Beli Pasar,Ya,Rentan,Ya,Kurangi Konsumsi,Ya,Ya,Bank,Mudah,Penyuluh,Tidak,Ya,Kurang Subur,Tidak
31,SD,Buruh Tani,4,2.4,Sewa,Kedelai,Monokultur,Irigasi Teknis,3,7.65,6913,Ya,637035,2180688,3062534,Ada,Ya,Ya,Panen Sendiri,Tidak,Mandiri,Ya,Pinjam Uang,Tidak,Ya,Tetangga,Sedang,Internet,Tidak,Tidak,Kurang Subur,Tidak
44,Sarjana,Buruh Tani,2,3.09,Bagi Hasil,Padi,Monokultur,Tadah Hujan,2,3.59,3665,Ya,1003033,1229026,3315223,Ada,Ya,Ya,Beli Pasar,Tidak,Tidak Mandiri,Tidak,Kurangi Konsumsi,Ya,Ya,Bank,Sulit,Internet,Tidak,Ya,Kurang Subur,Ya
41,Sarjana,Buruh Tani,3,2.18,Bagi Hasil,Jagung,Rotasi,Irigasi Teknis,3,6.96,3584,Ya,847965,1790217,3495795,Habis,Tidak,Ya,Beli Pasar,Tidak,Tidak Mandiri,Tidak,Kurangi Konsumsi,Tidak,Tidak,Koperasi,Sulit,Penyuluh,Tidak,Tidak,Kurang Subur,Tidak
26,SD,Petani Pemilik,7,4.2,Bagi Hasil,Bawang,Monokultur,Tadah Hujan,3,5.46,4435,Tidak,1588346,2354844,4842287,Habis,Ya,Tidak,Bantuan,Tidak,Mandiri,Tidak,Kurangi Konsumsi,Tidak,Tidak,Bank,Sulit,Penyuluh,Ya,Tidak,Sedang,Tidak
43,Diploma,Buruh Tani,2,2.33,Sewa,Kedelai,Tumpangsari,Irigasi Teknis,4,7.19,3009,Tidak,1366642,727348,1786778,Habis,Tidak,Tidak,Panen Sendiri,Ya,Rentan,Ya,Kurangi Konsumsi,Tidak,Tidak,Koperasi,Mudah,Tetangga,Ya,Ya,Sedang,Ya
60,Diploma,Petani Pemilik,3,4.96,Milik Sendiri,Cabai,Monokultur,Tadah Hujan,2,4.99,5390,Tidak,1371346,2523749,2980633,Ada,Tidak,Ya,Beli Pasar,Ya,Tidak Mandiri,Ya,Pinjam Uang,Tidak,Tidak,Bank,Sulit,Internet,Ya,Tidak,Kurang Subur,Tidak
62,Sarjana,Buruh Tani,5,4.34,Sewa,Bawang,Tumpangsari,Sumur,3,5.31,7451,Tidak,1454926,1849632,4647373,Ada,Ya,Tidak,Panen Sendiri,Tidak,Mandiri,Tidak,Jual Aset,Tidak,Tidak,Bank,Sulit,Tetangga,Ya,Tidak,Subur,Ya
57,Sarjana,Petani Penggarap,2,4.38,Sewa,Padi,Rotasi,Sumur,1,6.33,6358,Ya,656926,2469186,4277954,Habis,Tidak,Tidak,Bantuan,Ya,Rentan,Tidak,Kurangi Konsumsi,Tidak,Ya,Tetangga,Mudah,Penyuluh,Tidak,Ya,Kurang Subur,Ya
52,SD,Buruh Tani,7,4.38,Sewa,Jagung,Rotasi,Sumur,1,2.28,3459,Tidak,1251752,2072197,2806431,Ada,Ya,Tidak,Bantuan,Ya,Mandiri,Ya,Pinjam Uang,Tidak,Ya,Bank,Sulit,Penyuluh,Ya,Tidak,Kurang Subur,Tidak
54,SMA,Buruh Tani,2,4.5,Sewa,Kedelai,Rotasi,Tadah Hujan,2,2.44,5830,Tidak,1839951,2279680,3895384,Habis,Tidak,Tidak,Panen Sendiri,Tidak,Rentan,Ya,Pinjam Uang,Tidak,Tidak,Tetangga,Sedang,Tetangga,Tidak,Ya,Kurang Subur,Tidak
42,SD,Buruh Tani,7,3.91,Milik Sendiri,Bawang,Rotasi,Sumur,3,6.65,4885,Tidak,959285,1297471,3604206,Habis,Ya,Ya,Bantuan,Ya,Rentan,Tidak,Pinjam Uang,Tidak,Ya,Koperasi,Sedang,Internet,Tidak,Ya,Subur,Ya
59,SMA,Buruh Tani,6,4.58,Milik Sendiri,Kedelai,Tumpangsari,Sumur,3,6.83,6836,Ya,795188,1446296,4607691,Habis,Tidak,Ya,Beli Pasar,Ya,Rentan,Ya,Kurangi Konsumsi,Tidak,Tidak,Tetangga,Sedang,Tetangga,Tidak,Ya,Kurang Subur,Ya
55,SD,Buruh Tani,6,1.71,Bagi Hasil,Jagung,Rotasi,Irigasi Teknis,4,7.46,5475,Tidak,744687,1086267,1190198,Ada,Tidak,Tidak,Panen Sendiri,Ya,Mandiri,Ya,Kurangi Konsumsi,Tidak,Tidak,Tetangga,Sulit,Tetangga,Tidak,Ya,Sedang,Ya
56,Sarjana,Petani Penggarap,4,0.26,Sewa,Jagung,Tumpangsari,Sumur,2,7.13,3813,Tidak,1641827,2004387,1253965,Habis,Tidak,Ya,Panen Sendiri,Tidak,Mandiri,Ya,Jual Aset,Ya,Ya,Bank,Mudah,Penyuluh,Ya,Ya,Kurang Subur,Ya
62,SMP,Petani Pemilik,4,3.89,Bagi Hasil,Padi,Tumpangsari,Irigasi Teknis,2,5.24,4429,Ya,1886338,608129,1552822,Ada,Tidak,Ya,Bantuan,Tidak,Mandiri,Ya,Kurangi Konsumsi,Ya,Ya,Tetangga,Sedang,Tetangga,Ya,Ya,Sedang,Tidak
48,Sarjana,Buruh Tani,2,2.31,Milik Sendiri,Bawang,Monokultur,Tadah Hujan,3,4.75,3255,Ya,1504497,2184504,2787921,Ada,Tidak,Tidak,Panen Sendiri,Ya,Rentan,Ya,Pinjam Uang,Ya,Tidak,Tetangga,Sulit,Tetangga,Tidak,Tidak,Kurang Subur,Tidak
54,Sarjana,Buruh Tani,5,0.59,Bagi Hasil,Padi,Rotasi,Tadah Hujan,2,4.58,4871,Tidak,1210791,2402112,2672395,Habis,Ya,Tidak,Beli Pasar,Tidak,Tidak Mandiri,Tidak,Kurangi Konsumsi,Ya,Tidak,Koperasi,Mudah,Penyuluh,Ya,Tidak,Subur,Tidak
33,Sarjana,Petani Pemilik,6,4.79,Bagi Hasil,Kedelai,Rotasi,Irigasi Teknis,4,4.12,6464,Ya,1103202,1810505,2474911,Ada,Ya,Ya,Bantuan,Tidak,Mandiri,Ya,Kurangi Konsumsi,Tidak,Ya,Bank,Sulit,Penyuluh,Tidak,Ya,Kurang Subur,Tidak
26,SMP,Petani Penggarap,7,3.84,Sewa,Kedelai,Monokultur,Irigasi Teknis,2,5.4,6283,Ya,797532,628585,1384859,Ada,Tidak,Tidak,Beli Pasar,Tidak,Mandiri,Tidak,Kurangi Konsumsi,Tidak,Ya,Koperasi,Mudah,Penyuluh,Ya,Ya,Sedang,Tidak
52,Diploma,Buruh Tani,5,2.13,Milik Sendiri,Bawang,Monokultur,Sumur,4,2.67,7858,Tidak,1605060,1793604,1190494,Ada,Tidak,Ya,Panen Sendiri,Ya,Rentan,Ya,Pinjam Uang,Tidak,Tidak,Bank,Mudah,Penyuluh,Tidak,Tidak,Subur,Ya
49,Sarjana,Buruh Tani,3,2.55,Bagi Hasil,Kedelai,Monokultur,Sumur,1,4.62,6766,Ya,1156535,2914908,2800548,Habis,Tidak,Tidak,Panen Sendiri,Tidak,Mandiri,Tidak,Pinjam Uang,Tidak,Tidak,Koperasi,Sedang,Penyuluh,Ya,Tidak,Kurang Subur,Tidak
58,SD,Petani Penggarap,4,3.75,Milik Sendiri,Kedelai,Monokultur,Irigasi Teknis,1,5.18,4588,Tidak,1236309,1119456,1990983,Ada,Ya,Tidak,Panen Sendiri,Ya,Tidak Mandiri,Ya,Jual Aset,Ya,Ya,Tetangga,Sedang,Internet,Tidak,Tidak,Kurang Subur,Tidak
34,Diploma,Petani Pemilik,5,2.27,Sewa,Kedelai,Rotasi,Irigasi Teknis,3,5.04,5542,Tidak,1447732,657736,1238614,Habis,Tidak,Ya,Bantuan,Ya,Tidak Mandiri,Tidak,Kurangi Konsumsi,Ya,Tidak,Tetangga,Sulit,Penyuluh,Tidak,Tidak,Kurang Subur,Ya
28,Diploma,Petani Pemilik,4,4.91,Milik Sendiri,Bawang,Rotasi,Irigasi Teknis,1,3.49,6586,Tidak,1599051,2692564,3557709,Ada,Tidak,Tidak,Beli Pasar,Tidak,Rentan,Tidak,Jual Aset,Ya,Tidak,Koperasi,Sedang,Penyuluh,Tidak,Tidak,Sedang,Ya
46,SD,Buruh Tani,7,0.79,Sewa,Kedelai,Rotasi,Tadah Hujan,4,2.77,3694,Tidak,1672144,2079907,3699006,Habis,Ya,Ya,Bantuan,Tidak,Tidak Mandiri,Tidak,Pinjam Uang,Tidak,Tidak,Koperasi,Mudah,Internet,Tidak,Ya,Subur,Ya
34,SD,Petani Penggarap,2,2.59,Bagi Hasil,Bawang,Monokultur,Tadah Hujan,3,7.26,4073,Tidak,823491,1180514,1758522,Ada,Tidak,Ya,Beli Pasar,Tidak,Tidak Mandiri,Ya,Kurangi Konsumsi,Tidak,Tidak,Koperasi,Sulit,Penyuluh,Tidak,Tidak,Subur,Tidak
61,Diploma,Petani Penggarap,4,3.91,Bagi Hasil,Bawang,Tumpangsari,Irigasi Teknis,2,6.81,4133,Tidak,609428,2515743,4666312,Habis,Ya,Ya,Beli Pasar,Ya,Mandiri,Tidak,Kurangi Konsumsi,Ya,Tidak,Koperasi,Mudah,Internet,Tidak,Ya,Sedang,Ya
50,Sarjana,Petani Penggarap,3,1.99,Milik Sendiri,Kedelai,Monokultur,Irigasi Teknis,3,7.58,5746,Ya,788567,660655,2203259,Habis,Ya,Tidak,Beli Pasar,Ya,Mandiri,Ya,Kurangi Konsumsi,Ya,Ya,Tetangga,Sulit,Tetangga,Tidak,Ya,Sedang,Ya
44,SD,Petani Pemilik,3,2.16,Bagi Hasil,Cabai,Monokultur,Irigasi Teknis,4,5.58,3134,Ya,801102,1721683,2800358,Ada,Tidak,Ya,Bantuan,Tidak,Mandiri,Ya,Jual Aset,Tidak,Ya,Tetangga,Sulit,Tetangga,Ya,Tidak,Sedang,Ya
65,Diploma,Petani Penggarap,4,3.76,Sewa,Padi,Tumpangsari,Irigasi Teknis,1,6.63,5723,Ya,592978,1977649,3290147,Habis,Ya,Tidak,Bantuan,Tidak,Tidak Mandiri,Ya,Pinjam Uang,Ya,Tidak,Koperasi,Sedang,Penyuluh,Ya,Ya,Subur,Tidak
44,Sarjana,Petani Penggarap,6,2.42,Milik Sendiri,Jagung,Tumpangsari,Sumur,1,7.19,5719,Tidak,761043,2043584,2832706,Habis,Tidak,Tidak,Beli Pasar,Ya,Rentan,Tidak,Kurangi Konsumsi,Tidak,Ya,Tetangga,Sedang,Penyuluh,Tidak,Ya,Kurang Subur,Tidak
45,SD,Petani Pemilik,4,3.34,Sewa,Cabai,Rotasi,Tadah Hujan,4,3.0,6636,Tidak,1437698,677650,4048480,Habis,Tidak,Tidak,Bantuan,Ya,Mandiri,Tidak,Kurangi Konsumsi,Ya,Ya,Koperasi,Sulit,Tetangga,Tidak,Ya,Subur,Ya
40,SMA,Petani Penggarap,5,4.75,Milik Sendiri,Bawang,Monokultur,Tadah Hujan,4,7.69,6047,Tidak,661240,2907202,1577535,Habis,Tidak,Tidak,Bantuan,Tidak,Mandiri,Ya,Pinjam Uang,Ya,Tidak,Tetangga,Sedang,Tetangga,Ya,Tidak,Sedang,Tidak
38,Sarjana,Petani Penggarap,7,4.59,Sewa,Jagung,Monokultur,Irigasi Teknis,1,4.71,6646,Ya,1930109,1840448,3801123,Habis,Ya,Tidak,Beli Pasar,Ya,Tidak Mandiri,Ya,Kurangi Konsumsi,Ya,Ya,Koperasi,Mudah,Penyuluh,Tidak,Ya,Sedang,Tidak
54,Sarjana,Petani Pemilik,6,4.43,Milik Sendiri,Kedelai,Tumpangsari,Tadah Hujan,4,5.15,6354,Ya,762829,1829710,3694163,Ada,Tidak,Tidak,Bantuan,Tidak,Mandiri,Ya,Pinjam Uang,Tidak,Ya,Koperasi,Sulit,Penyuluh,Tidak,Ya,Subur,Tidak
39,SMA,Buruh Tani,4,4.25,Sewa,Jagung,Rotasi,Tadah Hujan,3,2.75,5480,Ya,1553972,1207310,3482224,Ada,Ya,Tidak,Bantuan,Ya,Mandiri,Ya,Pinjam Uang,Tidak,Ya,Tetangga,Sedang,Tetangga,Ya,Tidak,Kurang Subur,Tidak
44,Diploma,Petani Pemilik,7,2.09,Sewa,Padi,Rotasi,Irigasi Teknis,2,4.64,6966,Tidak,927867,1926871,3544517,Ada,Tidak,Tidak,Bantuan,Tidak,Rentan,Ya,Kurangi Konsumsi,Ya,Tidak,Koperasi,Sedang,Penyuluh,Tidak,Tidak,Subur,Ya
31,SD,Petani Penggarap,5,4.33,Sewa,Jagung,Monokultur,Sumur,3,3.14,4305,Tidak,1579456,2457964,3091949,Habis,Tidak,Ya,Panen Sendiri,Tidak,Tidak Mandiri,Tidak,Pinjam Uang,Ya,Tidak,Koperasi,Mudah,Internet,Tidak,Tidak,Sedang,Ya
31,Diploma,Petani Pemilik,4,3.66,Sewa,Kedelai,Monokultur,Sumur,1,5.42,4594,Tidak,1660192,1710483,1308414,Habis,Tidak,Tidak,Bantuan,Ya,Mandiri,Ya,Kurangi Konsumsi,Tidak,Tidak,Tetangga,Sedang,Penyuluh,Ya,Tidak,Kurang Subur,Ya
27,SD,Petani Pemilik,7,1.73,Sewa,Bawang,Tumpangsari,Irigasi Teknis,2,3.97,5609,Ya,1324085,1755079,3490261,Habis,Tidak,Tidak,Beli Pasar,Ya,Rentan,Tidak,Jual Aset,Ya,Tidak,Tetangga,Sedang,Tetangga,Ya,Tidak,Sedang,Ya
28,Sarjana,Petani Penggarap,3,2.67,Bagi Hasil,Bawang,Tumpangsari,Irigasi Teknis,2,2.19,3900,Ya,539714,2349849,2315721,Habis,Ya,Tidak,Bantuan,Ya,Rentan,Tidak,Jual Aset,Ya,Ya,Tetangga,Mudah,Tetangga,Tidak,Tidak,Kurang Subur,Tidak
45,SMP,Petani Penggarap,6,1.78,Sewa,Kedelai,Rotasi,Sumur,2,7.74,5285,Tidak,971580,1748285,4234539,Habis,Ya,Tidak,Beli Pasar,Tidak,Rentan,Tidak,Kurangi Konsumsi,Ya,Tidak,Bank,Sedang,Penyuluh,Tidak,Ya,Sedang,Ya
47,Diploma,Buruh Tani,4,3.76,Milik Sendiri,Jagung,Rotasi,Sumur,3,2.82,7807,Ya,1008471,712925,3809487,Ada,Ya,Ya,Panen Sendiri,Tidak,Rentan,Tidak,Pinjam Uang,Ya,Ya,Tetangga,Mudah,Internet,Tidak,Tidak,Kurang Subur,Ya
43,SMA,Petani Penggarap,7,0.39,Milik Sendiri,Bawang,Monokultur,Tadah Hujan,1,7.48,4434,Tidak,868655,652420,4507290,Habis,Tidak,Ya,Bantuan,Tidak,Mandiri,Ya,Kurangi Konsumsi,Ya,Tidak,Bank,Sedang,Tetangga,Tidak,Ya,Kurang Subur,Tidak
42,SMP,Petani Pemilik,4,0.9,Sewa,Kedelai,Rotasi,Irigasi Teknis,1,6.42,5416,Ya,868039,2200749,4468646,Habis,Tidak,Ya,Beli Pasar,Ya,Mandiri,Ya,Kurangi Konsumsi,Tidak,Ya,Koperasi,Sedang,Internet,Ya,Tidak,Sedang,Tidak
44,Sarjana,Buruh Tani,6,0.16,Bagi Hasil,Kedelai,Rotasi,Irigasi Teknis,1,6.01,6812,Tidak,834950,2200440,3877601,Habis,Ya,Tidak,Beli Pasar,Ya,Mandiri,Ya,Kurangi Konsumsi,Ya,Tidak,Tetangga,Sulit,Internet,Tidak,Tidak,Kurang Subur,Ya
40,Sarjana,Petani Pemilik,6,2.29,Bagi Hasil,Kedelai,Monokultur,Tadah Hujan,1,2.37,7486,Ya,1701042,2750915,1628526,Ada,Tidak,Tidak,Panen Sendiri,Ya,Tidak Mandiri,Tidak,Pinjam Uang,Tidak,Ya,Bank,Mudah,Tetangga,Tidak,Tidak,Kurang Subur,Ya
60,Diploma,Buruh Tani,4,3.64,Sewa,Kedelai,Monokultur,Tadah Hujan,2,5.47,3371,Tidak,1222529,767428,3269804,Ada,Ya,Tidak,Panen Sendiri,Tidak,Rentan,Ya,Pinjam Uang,Tidak,Tidak,Bank,Sedang,Internet,Tidak,Ya,Kurang Subur,Ya
47,SD,Petani Pemilik,6,2.03,Milik Sendiri,Jagung,Monokultur,Irigasi Teknis,3,4.78,7460,Tidak,1615545,2090800,4453423,Ada,Ya,Tidak,Beli Pasar,Ya,Rentan,Ya,Jual Aset,Ya,Ya,Tetangga,Sedang,Tetangga,Ya,Ya,Subur,Ya
31,Sarjana,Petani Pemilik,5,3.03,Bagi Hasil,Padi,Monokultur,Tadah Hujan,1,4.41,4919,Ya,618371,1087771,3113492,Habis,Ya,Tidak,Bantuan,Tidak,Mandiri,Tidak,Pinjam Uang,Ya,Tidak,Bank,Sedang,Penyuluh,Ya,Tidak,Kurang Subur,Tidak
28,SMA,Buruh Tani,7,1.97,Bagi Hasil,Kedelai,Rotasi,Sumur,4,2.9,6083,Ya,1628117,2486081,2010693,Ada,Tidak,Ya,Beli Pasar,Ya,Tidak Mandiri,Tidak,Kurangi Konsumsi,Ya,Tidak,Koperasi,Sedang,Penyuluh,Tidak,Ya,Sedang,Tidak
30,Sarjana,Buruh Tani,3,0.35,Sewa,Bawang,Rotasi,Irigasi Teknis,1,3.13,7813,Ya,1505362,1376144,4646837,Habis,Tidak,Ya,Panen Sendiri,Ya,Tidak Mandiri,Ya,Jual Aset,Tidak,Ya,Tetangga,Sulit,Tetangga,Ya,Tidak,Subur,Tidak
43,Diploma,Petani Penggarap,6,3.28,Sewa,Kedelai,Tumpangsari,Tadah Hujan,4,4.8,6846,Tidak,925989,2054849,2312490,Habis,Ya,Ya,Bantuan,Ya,Mandiri,Tidak,Jual Aset,Tidak,Tidak,Koperasi,Mudah,Internet,Ya,Tidak,Kurang Subur,Ya
56,Sarjana,Buruh Tani,7,1.75,Sewa,Cabai,Tumpangsari,Irigasi Teknis,3,3.02,7477,Tidak,885976,2773886,3691943,Ada,Ya,Ya,Bantuan,Ya,Mandiri,Tidak,Pinjam Uang,Ya,Ya,Tetangga,Mudah,Penyuluh,Ya,Tidak,Sedang,Ya
64,Sarjana,Petani Penggarap,7,2.49,Milik Sendiri,Bawang,Rotasi,Sumur,1,2.1,5250,Tidak,535950,2606446,4410628,Habis,Ya,Ya,Panen Sendiri,Ya,Mandiri,Ya,Jual Aset,Tidak,Tidak,Bank,Sedang,Penyuluh,Tidak,Tidak,Sedang,Ya
39,SMA,Buruh Tani,2,3.3,Bagi Hasil,Padi,Monokultur,Sumur,4,4.26,6899,Ya,1835357,539636,3947946,Ada,Ya,Tidak,Beli Pasar,Tidak,Tidak Mandiri,Ya,Jual Aset,Ya,Ya,Koperasi,Sulit,Tetangga,Tidak,Tidak,Subur,Ya
42,Sarjana,Buruh Tani,7,0.26,Sewa,Padi,Monokultur,Tadah Hujan,2,6.51,6262,Ya,1127629,1181365,3365412,Ada,Tidak,Tidak,Beli Pasar,Ya,Tidak Mandiri,Ya,Jual Aset,Tidak,Ya,Koperasi,Sedang,Penyuluh,Ya,Tidak,Kurang Subur,Tidak
45,SD,Buruh Tani,4,3.94,Sewa,Cabai,Monokultur,Sumur,4,4.59,7799,Tidak,679713,1738911,4347286,Ada,Ya,Ya,Beli Pasar,Ya,Rentan,Ya,Jual Aset,Tidak,Tidak,Bank,Mudah,Penyuluh,Ya,Tidak,Sedang,Tidak
42,SD,Petani Pemilik,2,1.02,Sewa,Bawang,Rotasi,Tadah Hujan,4,2.62,3734,Tidak,1662283,890339,3503683,Habis,Tidak,Ya,Beli Pasar,Tidak,Rentan,Ya,Jual Aset,Ya,Ya,Tetangga,Sedang,Penyuluh,Ya,Tidak,Sedang,Tidak
56,SMP,Petani Pemilik,3,2.23,Sewa,Kedelai,Tumpangsari,Irigasi Teknis,3,3.51,5020,Tidak,1745302,1320188,2920410,Ada,Ya,Tidak,Panen Sendiri,Tidak,Rentan,Tidak,Kurangi Konsumsi,Tidak,Tidak,Bank,Sulit,Tetangga,Ya,Tidak,Sedang,Ya
55,SMA,Petani Pemilik,5,4.85,Sewa,Cabai,Rotasi,Irigasi Teknis,3,4.26,6218,Tidak,738840,2864960,1838022,Ada,Ya,Tidak,Bantuan,Ya,Rentan,Tidak,Jual Aset,Ya,Tidak,Tetangga,Sedang,Penyuluh,Tidak,Ya,Sedang,Ya
52,Diploma,Petani Pemilik,5,4.95,Sewa,Bawang,Tumpangsari,Tadah Hujan,4,5.26,5945,Ya,729364,1541156,3758181,Habis,Ya,Ya,Bantuan,Tidak,Rentan,Tidak,Pinjam Uang,Ya,Ya,Bank,Mudah,Tetangga,Ya,Tidak,Sedang,Tidak
54,Sarjana,Buruh Tani,6,0.84,Milik Sendiri,Cabai,Monokultur,Sumur,4,7.52,3703,Ya,797114,1960996,2308162,Habis,Tidak,Ya,Bantuan,Tidak,Rentan,Tidak,Pinjam Uang,Tidak,Tidak,Bank,Mudah,Internet,Ya,Ya,Subur,Tidak
31,SMP,Buruh Tani,3,2.63,Bagi Hasil,Jagung,Tumpangsari,Tadah Hujan,4,7.75,4899,Tidak,1820703,1273646,1781763,Habis,Tidak,Ya,Bantuan,Ya,Rentan,Tidak,Kurangi Konsumsi,Ya,Ya,Koperasi,Sedang,Tetangga,Ya,Ya,Kurang Subur,Ya
48,SMA,Petani Pemilik,5,0.66,Bagi Hasil,Cabai,Rotasi,Tadah Hujan,3,5.58,6215,Ya,1229650,1976331,4546358,Habis,Ya,Tidak,Bantuan,Ya,Tidak Mandiri,Ya,Kurangi Konsumsi,Ya,Ya,Bank,Mudah,Penyuluh,Tidak,Ya,Kurang Subur,Tidak
51,Sarjana,Petani Pemilik,6,1.98,Milik Sendiri,Cabai,Rotasi,Tadah Hujan,2,5.33,7011,Tidak,794223,1284748,2319444,Habis,Ya,Tidak,Panen Sendiri,Tidak,Mandiri,Ya,Kurangi Konsumsi,Tidak,Tidak,Tetangga,Sedang,Internet,Tidak,Tidak,Subur,Ya
61,SD,Petani Pemilik,4,0.26,Milik Sendiri,Bawang,Tumpangsari,Irigasi Teknis,4,5.39,7057,Ya,1701068,979017,2123607,Habis,Ya,Tidak,Bantuan,Ya,Rentan,Ya,Jual Aset,Ya,Tidak,Koperasi,Sedang,Internet,Tidak,Ya,Sedang,Ya
40,SMP,Buruh Tani,6,3.48,Bagi Hasil,Bawang,Rotasi,Sumur,2,5.7,4692,Ya,624482,2891065,2471426,Habis,Ya,Tidak,Bantuan,Tidak,Rentan,Tidak,Jual Aset,Ya,Ya,Bank,Mudah,Internet,Ya,Ya,Subur,Ya
45,SMP,Buruh Tani,5,2.5,Bagi Hasil,Kedelai,Rotasi,Sumur,4,4.71,3762,Tidak,1581319,1666963,3913798,Habis,Tidak,Tidak,Beli Pasar,Ya,Tidak Mandiri,Ya,Jual Aset,Tidak,Tidak,Koperasi,Sulit,Internet,Ya,Tidak,Subur,Tidak
42,SMA,Petani Penggarap,4,2.78,Milik Sendiri,Bawang,Tumpangsari,Sumur,1,2.28,6764,Ya,760544,1162630,2850887,Habis,Ya,Tidak,Panen Sendiri,Ya,Tidak Mandiri,Tidak,Pinjam Uang,Tidak,Ya,Tetangga,Sedang,Internet,Ya,Tidak,Kurang Subur,Ya
28,Diploma,Buruh Tani,4,3.66,Milik Sendiri,Cabai,Rotasi,Irigasi Teknis,1,2.01,6906,Ya,778291,2990072,1948713,Habis,Ya,Ya,Bantuan,Tidak,Mandiri,Tidak,Jual Aset,Ya,Tidak,Koperasi,Mudah,Internet,Ya,Ya,Subur,Tidak
48,SMA,Petani Pemilik,5,3.89,Milik Sendiri,Jagung,Monokultur,Tadah Hujan,1,5.66,4344,Tidak,1236494,1393619,3634358,Ada,Tidak,Tidak,Panen Sendiri,Ya,Mandiri,Ya,Pinjam Uang,Tidak,Tidak,Bank,Sedang,Penyuluh,Ya,Tidak,Kurang Subur,Ya
40,Sarjana,Buruh Tani,6,3.63,Sewa,Padi,Rotasi,Sumur,2,5.11,7174,Ya,1321561,1739593,3710232,Ada,Ya,Tidak,Beli Pasar,Ya,Mandiri,Tidak,Jual Aset,Ya,Ya,Bank,Sedang,Penyuluh,Tidak,Tidak,Sedang,Ya
55,SD,Petani Pemilik,6,0.43,Sewa,Jagung,Monokultur,Irigasi Teknis,4,5.04,7104,Tidak,1388301,2187273,1345727,Ada,Tidak,Ya,Beli Pasar,Ya,Tidak Mandiri,Ya,Pinjam Uang,Tidak,Tidak,Tetangga,Sulit,Tetangga,Ya,Tidak,Kurang Subur,Tidak
40,SD,Petani Pemilik,2,4.63,Milik Sendiri,Cabai,Rotasi,Tadah Hujan,1,3.86,4438,Ya,526560,1075507,3942302,Ada,Ya,Tidak,Beli Pasar,Tidak,Mandiri,Tidak,Pinjam Uang,Tidak,Ya,Koperasi,Sedang,Internet,Tidak,Ya,Sedang,Ya
56,Diploma,Buruh Tani,4,0.37,Bagi Hasil,Jagung,Tumpangsari,Irigasi Teknis,3,6.64,7701,Ya,978998,2634166,1010773,Ada,Ya,Ya,Panen Sendiri,Tidak,Rentan,Tidak,Pinjam Uang,Ya,Ya,Tetangga,Sulit,Tetangga,Tidak,Ya,Sedang,Ya
51,SMA,Petani Penggarap,2,2.9,Milik Sendiri,Bawang,Rotasi,Irigasi Teknis,2,3.34,7225,Ya,1340800,789098,4678367,Habis,Tidak,Tidak,Beli Pasar,Ya,Tidak Mandiri,Tidak,Pinjam Uang,Tidak,Ya,Bank,Sulit,Internet,Ya,Tidak,Sedang,Tidak
37,Sarjana,Petani Pemilik,3,0.13,Sewa,Padi,Monokultur,Tadah Hujan,3,5.82,3078,Tidak,503066,2078211,4560989,Habis,Ya,Ya,Bantuan,Ya,Rentan,Tidak,Pinjam Uang,Ya,Tidak,Koperasi,Mudah,Penyuluh,Tidak,Tidak,Sedang,Ya
62,SD,Buruh Tani,3,3.22,Sewa,Padi,Rotasi,Tadah Hujan,1,4.61,4070,Ya,1111688,1594675,4568990,Habis,Tidak,Tidak,Beli Pasar,Tidak,Rentan,Ya,Pinjam Uang,Ya,Ya,Tetangga,Mudah,Penyuluh,Ya,Ya,Sedang,Tidak
45,Diploma,Petani Pemilik,6,1.86,Milik Sendiri,Cabai,Tumpangsari,Sumur,3,7.11,3740,Ya,1938761,1775970,4466116,Ada,Ya,Tidak,Panen Sendiri,Ya,Tidak Mandiri,Ya,Kurangi Konsumsi,Tidak,Ya,Tetangga,Sedang,Internet,Ya,Ya,Sedang,Tidak
60,Sarjana,Petani Pemilik,2,2.36,Milik Sendiri,Padi,Monokultur,Irigasi Teknis,2,2.78,6281,Tidak,1939244,852486,3442443,Habis,Ya,Ya,Panen Sendiri,Ya,Tidak Mandiri,Tidak,Pinjam Uang,Ya,Tidak,Koperasi,Mudah,Internet,Ya,Ya,Kurang Subur,Tidak
50,Diploma,Petani Pemilik,5,3.45,Milik Sendiri,Kedelai,Monokultur,Irigasi Teknis,3,3.68,4217,Ya,1787874,1530896,3714882,Habis,Tidak,Tidak,Bantuan,Tidak,Mandiri,Ya,Kurangi Konsumsi,Tidak,Ya,Bank,Mudah,Tetangga,Ya,Ya,Sedang,Tidak
55,Sarjana,Petani Penggarap,4,4.57,Bagi Hasil,Kedelai,Tumpangsari,Sumur,2,2.16,7891,Ya,561453,1678317,1245749,Habis,Tidak,Ya,Panen Sendiri,Ya,Mandiri,Ya,Kurangi Konsumsi,Ya,Ya,Tetangga,Sedang,Internet,Ya,Ya,Subur,Tidak
47,Sarjana,Petani Pemilik,7,3.53,Bagi Hasil,Bawang,Monokultur,Tadah Hujan,2,7.02,7032,Tidak,868169,2557039,1159231,Ada,Ya,Ya,Bantuan,Ya,Mandiri,Tidak,Pinjam Uang,Tidak,Ya,Koperasi,Sedang,Tetangga,Ya,Tidak,Subur,Ya
34,Sarjana,Buruh Tani,3,3.89,Bagi Hasil,Kedelai,Monokultur,Sumur,4,5.52,5757,Tidak,1176547,1072319,1660619,Habis,Tidak,Tidak,Panen Sendiri,Tidak,Mandiri,Ya,Kurangi Konsumsi,Tidak,Tidak,Koperasi,Mudah,Tetangga,Ya,Tidak,Kurang Subur,Ya
36,Sarjana,Petani Penggarap,6,1.18,Bagi Hasil,Padi,Tumpangsari,Irigasi Teknis,3,6.47,4949,Tidak,1170079,1204170,3668360,Ada,Tidak,Tidak,Panen Sendiri,Tidak,Mandiri,Ya,Jual Aset,Ya,Tidak,Bank,Mudah,Tetangga,Ya,Ya,Sedang,Tidak
51,SMP,Petani Penggarap,5,4.42,Sewa,Bawang,Tumpangsari,Irigasi Teknis,4,6.73,7735,Ya,841115,2392836,1309159,Ada,Tidak,Ya,Beli Pasar,Tidak,Mandiri,Ya,Kurangi Konsumsi,Ya,Tidak,Koperasi,Sulit,Penyuluh,Ya,Tidak,Kurang Subur,Tidak
26,Diploma,Buruh Tani,3,3.08,Sewa,Jagung,Monokultur,Irigasi Teknis,3,3.23,4556,Tidak,1962127,2824115,4028447,Habis,Tidak,Tidak,Panen Sendiri,Ya,Mandiri,Tidak,Jual Aset,Tidak,Ya,Koperasi,Sedang,Penyuluh,Tidak,Ya,Sedang,Tidak
37,SD,Petani Pemilik,3,0.94,Sewa,Padi,Tumpangsari,Irigasi Teknis,3,6.71,6857,Tidak,1886301,1611509,1382255,Habis,Ya,Tidak,Beli Pasar,Tidak,Mandiri,Tidak,Pinjam Uang,Tidak,Tidak,Bank,Sedang,Penyuluh,Tidak,Ya,Subur,Ya
30,SMA,Buruh Tani,5,4.86,Bagi Hasil,Jagung,Rotasi,Irigasi Teknis,4,6.91,6429,Tidak,1701068,1488354,2997588,Habis,Ya,Tidak,Bantuan,Ya,Tidak Mandiri,Ya,Pinjam Uang,Tidak,Ya,Koperasi,Mudah,Penyuluh,Ya,Ya,Sedang,Ya
52,SMP,Buruh Tani,3,4.19,Sewa,Kedelai,Rotasi,Irigasi Teknis,1,4.33,6255,Tidak,1079235,2679730,2921650,Ada,Tidak,Ya,Beli Pasar,Ya,Mandiri,Ya,Pinjam Uang,Ya,Tidak,Tetangga,Sedang,Internet,Tidak,Tidak,Kurang Subur,Tidak
61,Sarjana,Petani Penggarap,2,0.94,Sewa,Jagung,Rotasi,Tadah Hujan,4,2.23,5715,Ya,603370,2493209,4862261,Habis,Tidak,Ya,Beli Pasar,Tidak,Rentan,Tidak,Kurangi Konsumsi,Ya,Ya,Koperasi,Sedang,Tetangga,Tidak,Tidak,Sedang,Tidak
63,SD,Petani Pemilik,5,1.14,Sewa,Cabai,Rotasi,Sumur,1,5.09,4302,Ya,1152472,2625653,2691919,Ada,Ya,Ya,Panen Sendiri,Ya,Mandiri,Ya,Pinjam Uang,Tidak,Ya,Bank,Sulit,Penyuluh,Tidak,Tidak,Sedang,Tidak
65,SD,Buruh Tani,2,1.29,Sewa,Bawang,Tumpangsari,Irigasi Teknis,4,5.52,5865,Tidak,842912,1584898,4141370,Ada,Tidak,Ya,Beli Pasar,Ya,Mandiri,Ya,Pinjam Uang,Ya,Ya,Bank,Sulit,Internet,Ya,Ya,Sedang,Ya
36,Sarjana,Petani Pemilik,3,1.34,Sewa,Kedelai,Tumpangsari,Sumur,3,4.75,4787,Tidak,1133644,2683713,4457410,Habis,Ya,Ya,Bantuan,Tidak,Tidak Mandiri,Tidak,Kurangi Konsumsi,Ya,Tidak,Koperasi,Sedang,Internet,Tidak,Tidak,Sedang,Tidak
37,SMP,Buruh Tani,3,4.51,Bagi Hasil,Cabai,Rotasi,Sumur,2,6.33,7074,Tidak,1044056,2255591,2697010,Habis,Ya,Ya,Beli Pasar,Ya,Tidak Mandiri,Tidak,Jual Aset,Tidak,Tidak,Koperasi,Sulit,Tetangga,Ya,Tidak,Subur,Tidak
33,SMA,Buruh Tani,6,3.84,Milik Sendiri,Kedelai,Rotasi,Irigasi Teknis,2,4.13,5515,Tidak,1194822,2058949,2092864,Habis,Tidak,Ya,Beli Pasar,Ya,Tidak Mandiri,Ya,Kurangi Konsumsi,Ya,Ya,Tetangga,Sedang,Tetangga,Tidak,Tidak,Subur,Ya
33,SMP,Petani Penggarap,5,4.94,Sewa,Jagung,Tumpangsari,Tadah Hujan,2,6.67,6994,Tidak,1823371,1241654,2314553,Ada,Ya,Tidak,Beli Pasar,Ya,Mandiri,Ya,Kurangi Konsumsi,Ya,Ya,Tetangga,Sedang,Tetangga,Tidak,Tidak,Sedang,Tidak
49,SD,Petani Pemilik,6,1.08,Sewa,Padi,Tumpangsari,Tadah Hujan,2,2.11,3033,Ya,974513,1944307,2309009,Ada,Ya,Tidak,Bantuan,Tidak,Mandiri,Ya,Pinjam Uang,Tidak,Tidak,Bank,Sulit,Tetangga,Tidak,Tidak,Kurang Subur,Ya
46,Diploma,Petani Penggarap,3,0.91,Sewa,Padi,Monokultur,Irigasi Teknis,2,3.27,3179,Ya,758289,2037595,3982611,Ada,Tidak,Tidak,Bantuan,Ya,Tidak Mandiri,Ya,Jual Aset,Ya,Ya,Koperasi,Sulit,Penyuluh,Tidak,Tidak,Sedang,Ya
60,SMA,Petani Penggarap,7,0.85,Bagi Hasil,Padi,Tumpangsari,Sumur,1,5.97,5211,Ya,1378341,940042,3145742,Ada,Tidak,Ya,Panen Sendiri,Tidak,Mandiri,Ya,Kurangi Konsumsi,Ya,Tidak,Tetangga,Sedang,Internet,Ya,Ya,Kurang Subur,Tidak
38,Diploma,Petani Penggarap,3,0.11,Bagi Hasil,Padi,Monokultur,Tadah Hujan,4,2.89,3737,Ya,712421,1573289,3702544,Ada,Tidak,Tidak,Beli Pasar,Tidak,Mandiri,Ya,Pinjam Uang,Ya,Tidak,Bank,Sulit,Internet,Tidak,Ya,Subur,Ya
25,SMP,Buruh Tani,7,0.94,Sewa,Cabai,Rotasi,Sumur,1,4.24,5807,Ya,738723,2180982,2678771,Habis,Tidak,Tidak,Bantuan,Tidak,Rentan,Ya,Pinjam Uang,Ya,Ya,Koperasi,Mudah,Internet,Tidak,Tidak,Subur,Tidak
47,Sarjana,Petani Pemilik,7,4.41,Bagi Hasil,Jagung,Tumpangsari,Sumur,1,7.33,6610,Ya,632825,1597283,3747158,Habis,Ya,Ya,Bantuan,Tidak,Tidak Mandiri,Ya,Kurangi Konsumsi,Ya,Tidak,Bank,Sulit,Tetangga,Tidak,Ya,Kurang Subur,Ya
25,SMP,Buruh Tani,5,4.27,Milik Sendiri,Padi,Tumpangsari,Sumur,2,3.99,5278,Ya,1563107,1434098,3308945,Habis,Tidak,Ya,Panen Sendiri,Tidak,Rentan,Tidak,Pinjam Uang,Tidak,Tidak,Bank,Mudah,Internet,Ya,Ya,Sedang,Tidak
27,Sarjana,Buruh Tani,2,4.15,Bagi Hasil,Bawang,Rotasi,Sumur,2,5.93,6737,Tidak,1261984,727646,4425021,Ada,Tidak,Tidak,Bantuan,Tidak,Tidak Mandiri,Tidak,Jual Aset,Tidak,Ya,Koperasi,Sulit,Penyuluh,Ya,Tidak,Sedang,Tidak
60,Sarjana,Petani Penggarap,7,0.62,Milik Sendiri,Cabai,Monokultur,Tadah Hujan,4,2.64,4604,Ya,753222,2147927,1904247,Habis,Ya,Tidak,Panen Sendiri,Tidak,Mandiri,Ya,Kurangi Konsumsi,Tidak,Ya,Bank,Mudah,Tetangga,Ya,Tidak,Kurang Subur,Tidak
57,SMP,Buruh Tani,6,0.95,Milik Sendiri,Padi,Tumpangsari,Tadah Hujan,3,5.02,6151,Tidak,1777152,1541188,2147544,Habis,Tidak,Tidak,Beli Pasar,Ya,Mandiri,Tidak,Jual Aset,Tidak,Tidak,Tetangga,Sulit,Tetangga,Ya,Ya,Subur,Tidak
47,SMP,Buruh Tani,7,4.88,Milik Sendiri,Bawang,Rotasi,Tadah Hujan,3,6.26,5885,Tidak,1722233,2893430,4953859,Habis,Tidak,Tidak,Panen Sendiri,Ya,Mandiri,Tidak,Pinjam Uang,Ya,Ya,Koperasi,Sedang,Penyuluh,Tidak,Tidak,Subur,Ya
43,SMP,Buruh Tani,2,1.86,Sewa,Padi,Rotasi,Tadah Hujan,2,6.45,7597,Tidak,998273,2642963,4289622,Habis,Ya,Tidak,Beli Pasar,Tidak,Tidak Mandiri,Tidak,Jual Aset,Ya,Ya,Tetangga,Sedang,Penyuluh,Tidak,Ya,Kurang Subur,Tidak
62,Sarjana,Buruh Tani,6,1.06,Bagi Hasil,Jagung,Tumpangsari,Sumur,2,7.9,3610,Ya,864474,2655229,1500606,Habis,Ya,Tidak,Beli Pasar,Tidak,Mandiri,Ya,Jual Aset,Tidak,Ya,Bank,Sedang,Tetangga,Ya,Ya,Subur,Tidak
63,SD,Buruh Tani,6,4.23,Sewa,Cabai,Rotasi,Tadah Hujan,3,2.44,5603,Ya,885601,2683581,1285952,Ada,Tidak,Tidak,Panen Sendiri,Tidak,Mandiri,Ya,Jual Aset,Tidak,Tidak,Bank,Sedang,Penyuluh,Tidak,Ya,Subur,Tidak
53,SMP,Buruh Tani,6,4.6,Milik Sendiri,Padi,Rotasi,Sumur,4,7.5,3928,Tidak,1038109,2765919,4036573,Habis,Ya,Tidak,Bantuan,Tidak,Rentan,Ya,Kurangi Konsumsi,Ya,Tidak,Tetangga,Mudah,Penyuluh,Ya,Ya,Kurang Subur,Ya
38,SMP,Buruh Tani,5,4.19,Milik Sendiri,Bawang,Rotasi,Tadah Hujan,4,5.88,3590,Ya,549813,2426130,4006763,Habis,Ya,Ya,Panen Sendiri,Ya,Mandiri,Tidak,Jual Aset,Ya,Ya,Bank,Sedang,Internet,Tidak,Tidak,Sedang,Tidak
26,Diploma,Buruh Tani,2,2.72,Bagi Hasil,Bawang,Monokultur,Tadah Hujan,1,6.21,3594,Tidak,1554525,945164,2215662,Habis,Ya,Tidak,Beli Pasar,Tidak,Rentan,Ya,Kurangi Konsumsi,Ya,Ya,Koperasi,Sulit,Internet,Tidak,Ya,Sedang,Tidak
25,Sarjana,Buruh Tani,3,0.7,Milik Sendiri,Bawang,Rotasi,Sumur,1,3.83,5816,Ya,1365399,2649801,1597500,Ada,Ya,Ya,Bantuan,Tidak,Mandiri,Ya,Pinjam Uang,Ya,Tidak,Tetangga,Sulit,Penyuluh,Tidak,Ya,Sedang,Ya
37,Sarjana,Petani Penggarap,4,1.85,Bagi Hasil,Jagung,Monokultur,Sumur,1,7.4,5603,Tidak,1445073,1877183,3585127,Habis,Ya,Tidak,Beli Pasar,Tidak,Mandiri,Ya,Kurangi Konsumsi,Ya,Ya,Tetangga,Sulit,Tetangga,Tidak,Tidak,Sedang,Ya
46,Diploma,Petani Penggarap,5,1.86,Sewa,Cabai,Rotasi,Irigasi Teknis,2,5.87,3671,Tidak,793604,2759127,1823895,Habis,Ya,Ya,Panen Sendiri,Ya,Tidak Mandiri,Tidak,Jual Aset,Ya,Ya,Tetangga,Sedang,Tetangga,Tidak,Ya,Sedang,Tidak
39,Sarjana,Buruh Tani,4,0.76,Bagi Hasil,Bawang,Monokultur,Sumur,3,5.01,4956,Ya,1578222,1088757,2871584,Ada,Ya,Ya,Bantuan,Tidak,Rentan,Ya,Pinjam Uang,Tidak,Ya,Koperasi,Sedang,Internet,Ya,Ya,Kurang Subur,Ya
58,SMA,Petani Penggarap,5,4.6,Milik Sendiri,Padi,Rotasi,Sumur,1,6.22,7271,Tidak,1052213,2926956,3283169,Ada,Tidak,Tidak,Beli Pasar,Ya,Tidak Mandiri,Tidak,Kurangi Konsumsi,Ya,Tidak,Bank,Sedang,Internet,Tidak,Ya,Kurang Subur,Ya
53,SMP,Petani Pemilik,2,2.62,Sewa,Jagung,Monokultur,Irigasi Teknis,2,4.17,3969,Ya,1369507,1885063,4020971,Ada,Tidak,Tidak,Beli Pasar,Ya,Tidak Mandiri,Ya,Jual Aset,Tidak,Ya,Koperasi,Mudah,Penyuluh,Ya,Ya,Kurang Subur,Ya
61,SMP,Petani Pemilik,3,1.37,Milik Sendiri,Bawang,Tumpangsari,Tadah Hujan,1,7.27,5322,Ya,954229,2384095,3543953,Habis,Tidak,Ya,Panen Sendiri,Tidak,Tidak Mandiri,Ya,Jual Aset,Ya,Tidak,Koperasi,Sulit,Tetangga,Tidak,Tidak,Kurang Subur,Ya
39,Diploma,Petani Penggarap,3,0.63,Milik Sendiri,Bawang,Rotasi,Tadah Hujan,4,6.96,7960,Ya,872081,2495940,4781618,Ada,Ya,Ya,Beli Pasar,Ya,Tidak Mandiri,Ya,Jual Aset,Tidak,Tidak,Bank,Mudah,Tetangga,Tidak,Ya,Sedang,Tidak
47,Sarjana,Buruh Tani,7,2.92,Sewa,Jagung,Tumpangsari,Sumur,2,7.46,3686,Tidak,1754709,2780573,2713988,Habis,Ya,Ya,Bantuan,Ya,Tidak Mandiri,Ya,Jual Aset,Ya,Tidak,Tetangga,Mudah,Tetangga,Tidak,Tidak,Sedang,Ya
34,Diploma,Buruh Tani,6,1.34,Bagi Hasil,Cabai,Rotasi,Sumur,3,7.95,6255,Ya,1366602,2815695,4287446,Habis,Ya,Tidak,Bantuan,Tidak,Rentan,Tidak,Jual Aset,Tidak,Tidak,Tetangga,Mudah,Tetangga,Ya,Ya,Sedang,Ya
31,SMP,Buruh Tani,5,3.95,Bagi Hasil,Bawang,Rotasi,Tadah Hujan,1,2.96,3043,Ya,804775,2478321,4883345,Habis,Ya,Ya,Beli Pasar,Ya,Rentan,Ya,Jual Aset,Ya,Tidak,Bank,Sulit,Tetangga,Tidak,Ya,Subur,Tidak
53,SD,Petani Pemilik,7,4.66,Bagi Hasil,Kedelai,Monokultur,Irigasi Teknis,2,5.69,3295,Tidak,1001757,501204,1660371,Ada,Tidak,Tidak,Beli Pasar,Tidak,Rentan,Ya,Jual Aset,Ya,Ya,Koperasi,Sulit,Internet,Tidak,Tidak,Sedang,Ya
63,SMP,Petani Penggarap,5,2.92,Sewa,Jagung,Tumpangsari,Tadah Hujan,1,5.35,7121,Tidak,1212960,990771,4367783,Habis,Tidak,Tidak,Beli Pasar,Tidak,Mandiri,Tidak,Kurangi Konsumsi,Tidak,Ya,Bank,Mudah,Internet,Ya,Tidak,Kurang Subur,Ya
39,SMA,Petani Penggarap,4,2.63,Milik Sendiri,Kedelai,Monokultur,Sumur,1,4.39,5801,Ya,1662978,1248623,2998818,Habis,Tidak,Ya,Bantuan,Tidak,Mandiri,Ya,Kurangi Konsumsi,Ya,Ya,Tetangga,Mudah,Internet,Ya,Ya,Subur,Ya
64,SMA,Petani Pemilik,2,0.69,Milik Sendiri,Cabai,Rotasi,Irigasi Teknis,1,7.09,6040,Tidak,1532512,2909708,4643880,Habis,Tidak,Ya,Bantuan,Tidak,Rentan,Ya,Jual Aset,Ya,Ya,Tetangga,Sedang,Internet,Ya,Tidak,Sedang,Ya
54,SD,Buruh Tani,6,2.35,Bagi Hasil,Padi,Monokultur,Tadah Hujan,2,4.28,3825,Tidak,1258335,1589263,1784974,Habis,Ya,Tidak,Beli Pasar,Tidak,Rentan,Ya,Kurangi Konsumsi,Tidak,Ya,Bank,Sulit,Internet,Tidak,Tidak,Sedang,Tidak
36,Sarjana,Petani Pemilik,6,3.46,Milik Sendiri,Kedelai,Monokultur,Tadah Hujan,4,7.14,4606,Ya,813625,2483851,4379218,Ada,Ya,Tidak,Beli Pasar,Ya,Tidak Mandiri,Tidak,Kurangi Konsumsi,Tidak,Tidak,Tetangga,Sulit,Penyuluh,Tidak,Ya,Kurang Subur,Ya
28,SMP,Petani Penggarap,5,4.21,Milik Sendiri,Cabai,Rotasi,Sumur,3,4.17,7590,Tidak,1221714,583195,2727050,Ada,Tidak,Ya,Bantuan,Ya,Rentan,Tidak,Kurangi Konsumsi,Tidak,Tidak,Koperasi,Sedang,Tetangga,Tidak,Tidak,Kurang Subur,Ya
35,SMA,Petani Penggarap,7,3.1,Sewa,Padi,Monokultur,Irigasi Teknis,3,3.37,5595,Tidak,1989887,1621860,3539168,Habis,Tidak,Tidak,Beli Pasar,Tidak,Rentan,Ya,Pinjam Uang,Ya,Ya,Tetangga,Mudah,Tetangga,Tidak,Ya,Subur,Ya
50,SD,Petani Pemilik,2,4.69,Sewa,Bawang,Monokultur,Irigasi Teknis,4,5.14,3681,Ya,1050402,1151267,1353627,Habis,Tidak,Ya,Panen Sendiri,Tidak,Rentan,Ya,Pinjam Uang,Ya,Ya,Koperasi,Sulit,Internet,Tidak,Tidak,Sedang,Tidak
60,Diploma,Petani Pemilik,7,2.74,Bagi Hasil,Bawang,Tumpangsari,Tadah Hujan,4,5.14,7372,Tidak,1228064,2520193,3263532,Ada,Ya,Tidak,Beli Pasar,Tidak,Rentan,Tidak,Pinjam Uang,Tidak,Ya,Koperasi,Sulit,Penyuluh,Tidak,Tidak,Sedang,Ya
56,Diploma,Petani Penggarap,2,3.85,Sewa,Bawang,Monokultur,Irigasi Teknis,3,3.13,7592,Tidak,1327855,1548140,1684801,Habis,Tidak,Ya,Beli Pasar,Ya,Rentan,Ya,Jual Aset,Tidak,Tidak,Tetangga,Sulit,Tetangga,Tidak,Tidak,Subur,Ya
36,SMP,Petani Penggarap,2,3.22,Bagi Hasil,Cabai,Tumpangsari,Tadah Hujan,4,3.13,3158,Ya,604085,2743829,1092823,Ada,Ya,Tidak,Beli Pasar,Ya,Tidak Mandiri,Tidak,Jual Aset,Ya,Ya,Koperasi,Mudah,Penyuluh,Tidak,Ya,Sedang,Tidak
44,Diploma,Petani Penggarap,5,3.51,Milik Sendiri,Kedelai,Monokultur,Irigasi Teknis,1,3.6,6214,Ya,1639156,2471938,1761701,Ada,Tidak,Tidak,Panen Sendiri,Ya,Tidak Mandiri,Ya,Kurangi Konsumsi,Tidak,Ya,Tetangga,Mudah,Penyuluh,Tidak,Ya,Kurang Subur,Ya
55,Diploma,Buruh Tani,4,4.69,Milik Sendiri,Padi,Rotasi,Tadah Hujan,1,3.52,5447,Ya,1255869,718470,4622442,Ada,Ya,Ya,Bantuan,Tidak,Rentan,Ya,Pinjam Uang,Tidak,Ya,Bank,Mudah,Penyuluh,Ya,Tidak,Kurang Subur,Ya
48,SD,Petani Pemilik,3,2.55,Bagi Hasil,Bawang,Tumpangsari,Tadah Hujan,1,2.36,4260,Ya,763879,2546161,1975908,Habis,Tidak,Tidak,Bantuan,Ya,Mandiri,Tidak,Kurangi Konsumsi,Ya,Tidak,Koperasi,Sedang,Tetangga,Tidak,Tidak,Kurang Subur,Tidak
37,Sarjana,Petani Pemilik,6,1.8,Bagi Hasil,Cabai,Tumpangsari,Tadah Hujan,2,2.41,4269,Tidak,1120070,1604566,3271660,Habis,Tidak,Ya,Bantuan,Tidak,Tidak Mandiri,Ya,Pinjam Uang,Tidak,Ya,Bank,Sulit,Penyuluh,Tidak,Ya,Kurang Subur,Tidak
60,SMP,Buruh Tani,4,1.68,Bagi Hasil,Kedelai,Monokultur,Irigasi Teknis,1,2.26,4063,Ya,565585,1347580,1449021,Habis,Ya,Ya,Panen Sendiri,Tidak,Tidak Mandiri,Tidak,Jual Aset,Tidak,Ya,Bank,Mudah,Tetangga,Ya,Ya,Subur,Tidak
30,Diploma,Buruh Tani,2,1.87,Bagi Hasil,Cabai,Tumpangsari,Tadah Hujan,1,6.94,5177,Ya,647614,1774668,1326884,Ada,Ya,Ya,Bantuan,Ya,Tidak Mandiri,Tidak,Pinjam Uang,Ya,Ya,Tetangga,Sulit,Penyuluh,Tidak,Ya,Kurang Subur,Tidak
54,Diploma,Petani Pemilik,3,3.98,Bagi Hasil,Cabai,Rotasi,Sumur,2,5.2,7914,Tidak,1238877,1821855,3307208,Habis,Tidak,Tidak,Bantuan,Tidak,Tidak Mandiri,Tidak,Jual Aset,Ya,Ya,Bank,Sulit,Tetangga,Tidak,Tidak,Sedang,Tidak
50,SD,Buruh Tani,2,4.92,Bagi Hasil,Padi,Rotasi,Irigasi Teknis,3,2.04,4817,Ya,1160402,591022,4236002,Habis,Ya,Ya,Panen Sendiri,Tidak,Rentan,Ya,Pinjam Uang,Tidak,Tidak,Tetangga,Mudah,Penyuluh,Tidak,Tidak,Subur,Tidak
61,SMP,Buruh Tani,2,3.65,Sewa,Jagung,Tumpangsari,Tadah Hujan,1,5.57,5460,Ya,1708554,2100320,1329158,Ada,Tidak,Tidak,Beli Pasar,Tidak,Mandiri,Ya,Jual Aset,Ya,Tidak,Koperasi,Sedang,Tetangga,Ya,Tidak,Kurang Subur,Ya
45,Sarjana,Buruh Tani,3,0.85,Bagi Hasil,Cabai,Tumpangsari,Tadah Hujan,1,3.33,5373,Tidak,810404,1054441,2409991,Ada,Tidak,Ya,Bantuan,Tidak,Rentan,Ya,Kurangi Konsumsi,Tidak,Ya,Koperasi,Sedang,Tetangga,Ya,Tidak,Sedang,Ya
60,Sarjana,Buruh Tani,6,1.31,Milik Sendiri,Kedelai,Tumpangsari,Sumur,1,2.68,6388,Tidak,1266021,1960909,1798971,Habis,Tidak,Ya,Beli Pasar,Ya,Rentan,Tidak,Jual Aset,Ya,Tidak,Koperasi,Mudah,Penyuluh,Tidak,Ya,Kurang Subur,Ya
32,SD,Petani Pemilik,6,4.64,Sewa,Padi,Tumpangsari,Tadah Hujan,1,3.83,6859,Ya,1195995,1376649,4103839,Ada,Ya,Tidak,Bantuan,Tidak,Tidak Mandiri,Ya,Jual Aset,Ya,Tidak,Tetangga,Sulit,Tetangga,Ya,Tidak,Subur,Ya
43,SMP,Buruh Tani,6,1.43,Sewa,Padi,Monokultur,Sumur,3,5.98,5950,Ya,540010,1726815,4638183,Habis,Ya,Tidak,Bantuan,Ya,Rentan,Tidak,Jual Aset,Ya,Ya,Koperasi,Sulit,Internet,Ya,Ya,Subur,Tidak
46,Diploma,Petani Penggarap,7,0.87,Sewa,Kedelai,Tumpangsari,Tadah Hujan,3,3.42,7106,Tidak,630043,1580785,4685439,Habis,Ya,Tidak,Panen Sendiri,Ya,Rentan,Tidak,Jual Aset,Ya,Ya,Tetangga,Sedang,Tetangga,Ya,Tidak,Subur,Ya
52,SMA,Buruh Tani,4,2.3,Milik Sendiri,Jagung,Rotasi,Irigasi Teknis,2,7.18,5531,Ya,1401910,1108813,3752435,Ada,Tidak,Ya,Bantuan,Ya,Mandiri,Tidak,Pinjam Uang,Ya,Tidak,Bank,Sedang,Internet,Tidak,Tidak,Subur,Ya
31,SMP,Petani Pemilik,2,3.84,Bagi Hasil,Bawang,Tumpangsari,Tadah Hujan,2,5.58,4891,Ya,1253425,833344,3886273,Habis,Ya,Tidak,Bantuan,Tidak,Mandiri,Tidak,Kurangi Konsumsi,Tidak,Ya,Koperasi,Mudah,Penyuluh,Ya,Tidak,Subur,Tidak
51,SMP,Buruh Tani,7,4.94,Milik Sendiri,Padi,Monokultur,Sumur,4,6.13,6748,Ya,1396649,2198134,4255680,Ada,Tidak,Tidak,Beli Pasar,Ya,Tidak Mandiri,Ya,Kurangi Konsumsi,Tidak,Ya,Koperasi,Sulit,Tetangga,Tidak,Ya,Kurang Subur,Tidak
58,SD,Petani Pemilik,4,2.25,Sewa,Kedelai,Tumpangsari,Irigasi Teknis,4,3.77,3446,Ya,1472195,2394559,1379336,Ada,Ya,Ya,Beli Pasar,Tidak,Rentan,Tidak,Pinjam Uang,Ya,Tidak,Tetangga,Sulit,Penyuluh,Tidak,Ya,Sedang,Tidak
35,SD,Petani Pemilik,2,3.56,Bagi Hasil,Kedelai,Monokultur,Tadah Hujan,4,6.36,7191,Ya,1294146,2808317,2596381,Ada,Ya,Tidak,Bantuan,Ya,Mandiri,Ya,Pinjam Uang,Ya,Tidak,Bank,Sedang,Tetangga,Tidak,Tidak,Kurang Subur,Ya
32,SMP,Petani Pemilik,2,3.15,Sewa,Padi,Tumpangsari,Sumur,4,5.26,3047,Tidak,998867,1409634,3469867,Habis,Tidak,Tidak,Beli Pasar,Ya,Tidak Mandiri,Ya,Pinjam Uang,Tidak,Ya,Koperasi,Mudah,Penyuluh,Ya,Tidak,Subur,Ya
27,Sarjana,Buruh Tani,4,1.72,Milik Sendiri,Padi,Monokultur,Sumur,2,2.97,5329,Ya,1454912,2928360,2510740,Ada,Ya,Tidak,Beli Pasar,Tidak,Rentan,Ya,Kurangi Konsumsi,Ya,Tidak,Bank,Mudah,Penyuluh,Tidak,Tidak,Kurang Subur,Tidak
58,SMP,Buruh Tani,3,3.1,Milik Sendiri,Bawang,Rotasi,Tadah Hujan,1,4.9,7954,Tidak,1395596,1827449,2089093,Habis,Ya,Tidak,Bantuan,Tidak,Rentan,Ya,Jual Aset,Ya,Tidak,Koperasi,Mudah,Penyuluh,Ya,Tidak,Kurang Subur,Ya
38,Sarjana,Petani Penggarap,5,0.32,Sewa,Bawang,Rotasi,Irigasi Teknis,1,5.84,5307,Tidak,642262,1790891,2259482,Habis,Ya,Ya,Bantuan,Tidak,Rentan,Tidak,Jual Aset,Ya,Ya,Koperasi,Sedang,Internet,Tidak,Tidak,Subur,Ya
55,SMP,Buruh Tani,5,4.47,Bagi Hasil,Kedelai,Tumpangsari,Sumur,1,7.01,5452,Tidak,1664290,2747666,1078510,Ada,Tidak,Tidak,Panen Sendiri,Ya,Rentan,Ya,Kurangi Konsumsi,Tidak,Ya,Tetangga,Sulit,Internet,Ya,Ya,Sedang,Tidak
27,SMA,Petani Penggarap,2,2.54,Milik Sendiri,Kedelai,Tumpangsari,Sumur,2,5.15,4433,Ya,1284787,656846,4262289,Ada,Ya,Tidak,Bantuan,Ya,Rentan,Ya,Pinjam Uang,Tidak,Tidak,Tetangga,Sulit,Internet,Tidak,Ya,Subur,Ya
38,SD,Petani Penggarap,5,3.6,Bagi Hasil,Padi,Monokultur,Sumur,1,6.12,7868,Ya,1198959,2458219,4729515,Ada,Ya,Tidak,Panen Sendiri,Tidak,Tidak Mandiri,Ya,Kurangi Konsumsi,Ya,Ya,Bank,Sedang,Tetangga,Tidak,Tidak,Kurang Subur,Ya
42,SMP,Petani Pemilik,4,0.66,Bagi Hasil,Bawang,Rotasi,Irigasi Teknis,2,5.26,7500,Tidak,1068437,1093732,4956393,Habis,Ya,Ya,Panen Sendiri,Tidak,Tidak Mandiri,Tidak,Jual Aset,Tidak,Ya,Koperasi,Mudah,Internet,Ya,Ya,Sedang,Ya
30,Diploma,Petani Penggarap,3,3.55,Bagi Hasil,Cabai,Rotasi,Sumur,3,3.99,4623,Ya,1476633,2881480,1552789,Ada,Tidak,Ya,Beli Pasar,Tidak,Tidak Mandiri,Tidak,Kurangi Konsumsi,Ya,Ya,Koperasi,Sulit,Internet,Tidak,Tidak,Subur,Tidak
45,Diploma,Petani Penggarap,2,0.42,Milik Sendiri,Kedelai,Tumpangsari,Sumur,2,3.69,5855,Ya,1565247,931728,2701570,Ada,Tidak,Ya,Beli Pasar,Tidak,Rentan,Tidak,Pinjam Uang,Ya,Ya,Bank,Sedang,Penyuluh,Tidak,Ya,Kurang Subur,Tidak
52,Sarjana,Petani Penggarap,6,3.5,Milik Sendiri,Padi,Rotasi,Tadah Hujan,4,2.69,7883,Tidak,1182367,2828206,1409590,Habis,Ya,Tidak,Beli Pasar,Ya,Tidak Mandiri,Ya,Jual Aset,Tidak,Tidak,Bank,Sulit,Tetangga,Ya,Ya,Subur,Ya
62,SD,Petani Pemilik,7,0.83,Bagi Hasil,Kedelai,Tumpangsari,Tadah Hujan,4,3.17,5593,Tidak,1695956,1777375,4852475,Habis,Tidak,Ya,Bantuan,Ya,Tidak Mandiri,Tidak,Pinjam Uang,Tidak,Ya,Bank,Sulit,Penyuluh,Ya,Tidak,Subur,Tidak
26,SMP,Petani Penggarap,7,2.99,Bagi Hasil,Kedelai,Rotasi,Sumur,4,4.29,7465,Ya,1889337,1227334,2991755,Ada,Ya,Tidak,Beli Pasar,Tidak,Mandiri,Tidak,Jual Aset,Ya,Ya,Koperasi,Mudah,Tetangga,Ya,Ya,Kurang Subur,Tidak
52,SMP,Petani Pemilik,3,3.25,Sewa,Cabai,Rotasi,Tadah Hujan,4,5.74,6722,Tidak,1657732,2387628,2613610,Habis,Ya,Ya,Beli Pasar,Ya,Tidak Mandiri,Tidak,Jual Aset,Ya,Tidak,Bank,Sulit,Tetangga,Tidak,Ya,Subur,Tidak
48,SD,Buruh Tani,5,4.81,Milik Sendiri,Jagung,Rotasi,Tadah Hujan,3,4.79,3640,Ya,1014287,2481605,3645191,Ada,Tidak,Ya,Beli Pasar,Ya,Rentan,Tidak,Jual Aset,Tidak,Tidak,Bank,Sedang,Internet,Tidak,Ya,Subur,Tidak
61,SMA,Petani Pemilik,7,2.42,Milik Sendiri,Bawang,Monokultur,Tadah Hujan,3,6.85,3223,Tidak,1516615,846072,1531927,Ada,Tidak,Tidak,Panen Sendiri,Tidak,Rentan,Tidak,Pinjam Uang,Ya,Ya,Tetangga,Sulit,Penyuluh,Tidak,Tidak,Subur,Tidak
40,Diploma,Petani Pemilik,6,4.32,Sewa,Padi,Monokultur,Tadah Hujan,2,7.03,6382,Tidak,999011,2346269,4045060,Ada,Ya,Tidak,Panen Sendiri,Tidak,Mandiri,Ya,Pinjam Uang,Tidak,Tidak,Bank,Sedang,Internet,Ya,Tidak,Kurang Subur,Tidak
55,SMA,Petani Pemilik,6,4.36,Milik Sendiri,Kedelai,Tumpangsari,Sumur,3,7.77,3336,Ya,1614202,1984062,4540996,Habis,Tidak,Tidak,Beli Pasar,Tidak,Mandiri,Tidak,Jual Aset,Tidak,Tidak,Tetangga,Sulit,Penyuluh,Ya,Tidak,Kurang Subur,Ya
45,Sarjana,Petani Pemilik,7,0.14,Milik Sendiri,Padi,Tumpangsari,Irigasi Teknis,1,6.11,5879,Ya,1094116,1556528,1809834,Ada,Ya,Ya,Panen Sendiri,Ya,Tidak Mandiri,Ya,Jual Aset,Ya,Ya,Tetangga,Mudah,Internet,Ya,Ya,Kurang Subur,Ya
