,mean,median,min,max,std
Usia Kepala Rumah Tangga,45.0,45.0,25.0,65.0,11.073985995527794
Jumlah Tanggungan Keluarga (termasuk Kepala Keluarga),4.505,5.0,2.0,7.0,1.6834921231307312
Luas lahan yang dikelola,2.7215999999999996,2.8,0.11,4.96,1.4333926581934253
Frekuensi Panen per Tahun,2.46,2.0,1.0,4.0,1.1467235387711632
Produksi Rata - Rata per Panen (Kwintal/Ha),5.01595,5.125,2.01,7.98,1.6882255849347092
Harga Jual Rata-Rata Hasil Panen Utama (Rp/kg),5579.46,5603.0,3003.0,7960.0,1451.5420109136478
Pengeluaran Rata-Rata Benih per Tahun (Rp),1186307.23,1179457.0,503066.0,1989887.0,407733.8682390303
Pengeluaran Rata-Rata Pupuk per Tahun (Rp),1843644.795,1824652.0,501204.0,2990072.0,686641.9194257633
Pengeluaran Rata-Rata Biaya Perawatan per Tahun (Rp),3089572.135,3266668.0,1010773.0,4956393.0,1144046.3402611632
